,,,,,,,,,,,,,,,,,
,Name,Base_price,Body_style,Seats,Base_ Engine,Base_Power,Mileage,Drive,Towing,Min_cargo_L,Front_headroom,Front_legroom,Rear_legroom,Rear_shoulder,Fuel_capacity,Batt,Range
,2021 Acura RDX,44505,SUV,5,Gasoline,272,9.9,AWD,1500,835,39.6,41.6,38.4,56.6,65,0,654
,2022 Acura MDX,56405,SUV,7,Gasoline,290,11.2,AWD,5000,513,38.5,41.6,38.5,60.3,70,0,625
,2021 Acura ILX,30805,Sedan,5,Gasoline,201,8.6,FWD,0,350,38,42.3,34,53.5,50,0,581
,2022 Acura NSX,221500,Coupe,2,Hybrid,600,11,AWD,0,110,38.3,42.9,0,0,59,1.3,539
,2021 Acura TLX,44105,Sedan,5,Gasoline,272,9.8,AWD,0,382,37.2,42.5,34.9,55,60,0,612
,2022 Alfa Romeo Giulia,55995,Sedan,5,Gasoline,280,9.2,AWD,0,,38.6,42.4,35.1,53.6,57,0,620
,2022 Alfa Romeo Stelvio,57595,SUV,5,Gasoline,280,9.6,AWD,3000,525,40.2,36.6,31.9,56.0,63,0,656
,2022 Aston Martin DB11,236500,Coupe,4,Gasoline,527,11.6,RWD,0,,,,,,78,0,675
,2022 Aston Martin DBS,363800,Coupe,4,Gasoline,715,13.8,RWD,0,,,,,,78,0,564
,2022 Aston Martin DBX,203500,SUV,5,Gasoline,542,15.2,AWD,6000,694,,,,,85,0,559
,2022 Aston Martin Vantage,159900,Coupe,2,Gasoline,503,11.5,RWD,0,,,,0,0,73,0,634
,2022 Audi Q5,47500,SUV,5,Hybrid,261,9.5,AWD,4400,757,41.7,41,37.8,56.5,70,0.5,741
,2022 Audi Q3,38400,SUV,5,Gasoline,184,9.2,AWD,0,672,41.5,40,36.1,55.1,60,0,653
,2022 Audi A3,38900,Sedan,5,Hybrid,201,7.7,AWD,0,309,36.8,41.2,35.2,53,55,0.5,719
,2022 Audi A4,43300,Sedan,5,Hybrid,201,8.2,AWD,0,368,40.9,41.3,35.2,56.9,58,0.5,712
,2022 Audi A4 allroad,50700,Wagon,5,Hybrid,261,9.0,AWD,0,680,40.9,41.3,35.2,54.4,58,0.5,648
,2022 Audi A5,55300,Coupe,4,Hybrid,261,8.8,AWD,0,465,39.6,41.3,35.1,54.3,58,0.5,658
,2022 Audi A5 Sportback,51500,Hatchback,4,Hybrid,261,8.8,AWD,0,618,40,41.3,35.1,57,58,0.5,658
,2022 Audi A6,65000,Sedan,5,Hybrid,261,9.2,AWD,0,,41.5,,,57.8,75,0.5,816
,2022 Audi A6 Allroad,78500,Wagon,5,Hybrid,335,10.6,AWD,0,,41.5,41.3,37.4,56.5,73,0.5,690
,2022 Audi A7,81700,Hatchback,5,Hybrid,335,9.7,AWD,0,705,40.4,41.3,37.0,58.7,73,0.5,754
,2021 Audi A8,99900,Sedan,5,Hybrid,335,11.5,AWD,0,354,41.4,41.5,44.3,61.1,82,0.5,713
,2022 Audi e-tron,86600,SUV,5,Electric,360,3.0,AWD,4000,660,39.8,40.8,39.1,60.0,0,95,357
,2022 Audi e-tron GT,129900,Sedan,5,Electric,522,2.9,AWD,0,350,39.4,41.9,32.2,57.1,0,93.4,383
,2022 Audi e-tron Sportback,89100,Hatchback,5,Electric,402,3.1,AWD,4000,770,41.2,,,60.0,0,95,351
,2022 Audi Q4 e-tron,59950,SUV,5,Electric,295,2.5,AWD,2650,701,41.8,,,55.2,0,82,388
,2022 Audi Q4 e-tron Sportback,67600,Hatchback,5,Electric,295,2.5,AWD,2650,,41.8,,,55.2,0,82,388
,2022 Audi Q5 Sportback,56300,Hatchback,5,Hybrid,261,9.5,AWD,4400,757,41.7,41.0,37.8,59.1,70,0.5,741
,2022 Audi Q7,69200,SUV,7,Gasoline,248,11.4,AWD,4400,419,42.2,41.7,38.8,61.5,85,0,748
,2022 Audi Q8,84100,SUV,5,Hybrid,335,11.8,AWD,1500,419,41.1,41.7,40.2,58.5,85,0.5,722
,2022 Audi R8,170250,Coupe,2,Gasoline,562,13.8,RWD,0,227,38.5,,0,0,73,0,529
,2022 Audi RS5,87900,Coupe,4,Gasoline,444,11.4,AWD,0,329,39.6,,,54.3,58,0,510
,2022 Audi RS5 Sportback,88400,Hatchback,5,Gasoline,444,11.4,AWD,0,329,40.0,41.3,35.1,57.0,58,0,507
,2022 Audi RS6 Avant,123200,Wagon,5,Hybrid,591,13.7,AWD,0,565,41.5,,,56.5,75,0.5,548
,2022 Audi RS7,129000,Hatchback,5,Hybrid,591,13.5,AWD,0,705,40.4,41.3,37.0,58.7,73,0.5,540
,2022 Audi RS e-tron GT,179900,Sedan,5,Electric,637,3.0,AWD,0,350,39.4,41.9,32.2,57.1,0,93.4,373
,2022 Audi RS Q8,129300,SUV,5,Hybrid,591,15.4,AWD,7700,419,41.1,41.7,40.2,58.5,85,0.5,551
,2022 Audi S3 ,47900,Sedan,5,Gasoline,306,8.7,AWD,0,235,36.8,41.2,35.2,53.0,55,0,629
,2022 Audi S4,61100,Sedan,5,Gasoline,349,10.1,AWD,0,368,40.9,41.3,35.2,56.9,58,0,572
,2022 Audi S5,65100,Coupe,4,Gasoline,349,9.7,AWD,0,450,39.6,,,54.3,58,0,598
,2022 Audi S5 Sportback,65600,Hatchback,5,Gasoline,349,9.7,AWD,0,468,40.0,41.3,35.1,57.0,58,0,598
,2022 Audi S6,94200,Sedan,5,Hybrid,444,10.9,AWD,0,530,41.5,,,56.5,75,0.5,686
,2022 Audi S7,104100,Hatchback,5,Hybrid,444,10.9,AWD,0,694,40.4,41.3,37.0,58.7,73,0.5,669
,2021 Audi S8,153200,Sedan,5,Hybrid,563,14.5,AWD,0,354,41.4,41.5,44.3,61.1,82,0.5,567
,2022 Audi SQ5,66250,SUV,5,Gasoline,349,11.2,AWD,4400,757,41.7,41.0,37.8,59.1,70,0,623
,2022 Audi SQ5 Sportback,68450,Hatchback,5,Gasoline,349,11.7,AWD,4400,725,41.7,41.0,37.8,59.1,70,0,600
,2022 Audi SQ7,106900,SUV,7,Gasoline,500,13.9,AWD,7700,419,42.2,41.7,38.8,61.5,85,0,610
,2022 Audi SQ8,112400,SUV,5,Gasoline,500,13.9,AWD,7700,419,41.1,41.7,40.2,58.5,85,0,610
,2022 Audi TT,59700,Coupe,4,Gasoline,228,9.3,AWD,0,340,39.1,41.1,28.9,47.9,55,0,589
,2022 Audi TT RS,78900,Coupe,4,Gasoline,394,10.1,AWD,0,340,39.1,41.1,28.9,47.9,55,0,546
,2022 Audi TT S,70300,Coupe,4,Gasoline,288,10.0,AWD,0,340,39.1,41.1,28.9,47.9,55,0,550
,2022 Bentley Bentayga,227000,SUV,5,Gasoline,542,13.2,AWD,2000,484,,,,,85,0,646
,2021 Bentley Continental GT ,227290,Coupe,4,Gasoline,542,12.4,AWD,0,,,,,,90,0,726
,2021 Bentley Flying Spur ,215600,Sedan,5,Gasoline,542,13.7,AWD,0,,,,,,90,0,655
,2022 BMW X3,52990,SUV,5,Gasoline,248,9.3,AWD,4400,550,41.1,40.3,36.4,56.0,65,0,699
,2022 BMW X5 ,77500,SUV,5,Gasoline,335,10.4,AWD,6000,650,40.7,39.8,37.4,58.1,83,0,798
,2022 BMW 3 Series,44990,Sedan,5,Hybrid,288,3.1,RWD,0,481,38.7,42.0,35.2,54.6,40,12.0,486
,2022 BMW 2 Series ,51400,Sedan,5,Gasoline,301,9.2,AWD,0,430,38.2,41.4,34.4,53.1,50,0,543
,2022 BMW 4 Series,53150,Coupe,4,Gasoline,255,8.7,AWD,0,340,38.0,41.8,34.5,51.0,59,0,679
,2022 BMW 5 Series,64800,Sedan,5,Gasoline,248,8.9,AWD,0,530,38.8,41.4,36.5,55.9,68,0,764
,2022 BMW 7 Series,120800,Sedan,5,Gasoline,523,12.4,AWD,0,515,39.7,41.4,38.6,57.8,78,0,627
,2022 BMW 8 Series,117900,Sedan,5,Gasoline,523,12.4,AWD,0,440,40.6,42.1,36.6,54.6,68,0,547
,2021 BMW i3,44950,Hatchback,4,Electric,170,3,RWD,0,,39.6,40.5,31.9,49.2,0,42.2,160
,2022 BMW i4,54990,Hatchback,5,Electric,340,3,RWD,0,283,38.2,41.5,34.2,54.3,0,83.9,475
,2021 BMW M2 ,72000,Coupe,4,Gasoline,405,11.7,RWD,0,390,40.1,41.5,33.0,53.4,52,0,443
,2022 BMW M3,86800,Sedan,5,Gasoline,473,12.6,RWD,0,368,40.6,41.6,35.6,54.6,59,0,
,2022 BMW M4 Convertible,102900,Convertible,4,Gasoline,503,,AWD,0,255,40.6,41.8,32.5,45.5,59,0,
,2022 BMW M4 Coupe,85100,Coupe,4,Gasoline,473,,RWD,0,340,40.3,41.7,34.7,51.0,59,0,
,2022 BMW M5,125700,Sedan,5,Gasoline,617,13.8,AWD,0,530,39.2,41.4,36.5,55.9,76,0,551
,2022 BMW M8 Convertible,167600,Convertible,4,Gasoline,617,13.8,AWD,0,351,38.9,42.1,29.5,45.7,76,0,551
,2022 BMW M8 Coupe,158100,Coupe,4,Gasoline,617,13.8,AWD,0,420,38.9,42.1,29.5,46.9,76,0,551
,2022 BMW M8 Gran Coupe,154500,Sedan,5,Gasoline,617,13.8,AWD,0,440,40.6,42.1,36.6,54.6,76,0,553
,2021 BMW X1,42425,SUV,5,Gasoline,228,9.1,AWD,1100,505,41.9,40.4,37,55.2,61,0,667
,2022 BMW X2,44950,SUV,5,Gasoline,228,8.8,AWD,1100,612,39.8,40.3,36.7,53.9,61,0,693
,2022 BMW X3 M,91000,SUV,5,Gasoline,503,14.6,AWD,4400,812,40.7,40.3,36.4,56,65,0,445
,2022 BMW X4,56500,SUV,5,Gasoline,248,9.3,AWD,4400,671,39.5,40.7,35.5,56,65,0,699
,2022 BMW X4 M,95400,SUV,5,Gasoline,503,14.6,AWD,4400,525,39.5,40.7,35.5,56,65,0,445
,2022 BMW X5 M,133900,SUV,5,Gasoline,617,15.7,AWD,6000,960,40.7,39.8,37.4,58.1,83,0,529
,2022 BMW X6,85100,SUV,5,Gasoline,335,10.5,AWD,6000,776,39.3,40.4,35.7,57.7,83,0,790
,2022 BMW X6 M,137000,SUV,5,Gasoline,617,15.7,AWD,6000,580,39.3,40.4,35.7,57.7,83,0,529
,2022 BMW X7,105000,SUV,7,Gasoline,335,11.1,AWD,6000,300,41.9,39.8,37.6,58.1,83,0,748
,2022 BMW Z4,63900,Convertible,2,Gasoline,255,8.5,RWD,0,281,38.9,42.2,0,0,52,0,612
,2022 Buick Encore GX,26198,SUV,5,Gasoline,137,8.0,FWD,1000,665,39.7,40.9,36.0,53.6,50,0,625
,2022 Buick Envision,35698,SUV,5,Gasoline,228,8.9,FWD,1500,714,39.6,40.4,39.3,55.9,60,0,674
,2022 Buick Enclave,48098,SUV,7,Gasoline,310,11.3,FWD,1800,668,42.6,41.2,38.3,61.7,72,0,640
,2022 Buick Encore,24998,SUV,5,Gasoline,155,8.6,FWD,1000,532,39.6,40.8,35.7,52.5,53,0,616
,2022 Cadillac XT5,44298,SUV,5,Gasoline,235,9.5,FWD,1000,850,39.7,41.2,39.0,56.3,72,0,759
,2022 Cadillac Escalade,90498,SUV,7,Gasoline,420,14.8,AWD,8000,722,42.3,44.5,41.7,64.6,91,0,615
,2022 Cadillac CT4,37598,Sedan,5,Gasoline,235,8.7,RWD,0,303,38.3,42.4,33.4,53.9,64,0,736
,2022 Cadillac CT5,41498,Sedan,5,Gasoline,237,9.0,RWD,0,337,39.0,42.4,37.9,55.7,66,0,733
,2022 Cadillac Escalade ESV,93998,SUV,7,Gasoline,420,14.8,AWD,7900,1175,42.3,44.5,41.7,64.6,107,0,723
,2021 Cadillac XT4,36098,SUV,5,Gasoline,235,9.0,FWD,3500,637,39.4,44.1,39.5,55.1,60,0,670
,2022 Cadillac XT6,57998,SUV,7,Gasoline,235,10.2,AWD,1000,357,39.8,41.2,39.1,57.4,83,0,816
,2021 Chevrolet Silverado 1500,32048,Pickup,3,Gasoline,285,13.5,RWD,9800,0,43.1,44.5,0,0,129,0,956
,2022 Chevrolet Equinox,26498,SUV,5,Gasoline,170,8.4,FWD,1500,847,40,40.9,39.9,55.5,56,0,669
,2022 Chevrolet TrailBlazer,23998,SUV,5,Gasoline,137,7.8,FWD,1000,717,40,40.9,39.4,53.8,50,0,641
,2022 Chevrolet Spark,10398,Hatchback,4,Gasoline,98,7.2,FWD,0,314,39,41.7,33,49.8,35,0,487
,2022 Chevrolet Bolt EUV,40198,SUV,5,Electric,200,2,FWD,0,462,40,44.3,38.4,52,0,65,383
,2022 Chevrolet Bolt EV,38198,Hatchback,5,Electric,200,2,FWD,0,470,40.1,44.3,35.6,52.8,0,65,383
,2022 Chevrolet Colorado,27948,Pickup,4,Gasoline,200,10.9,RWD,7000,0,41.4,45,28.6,57.3,79,0,725
,2022 Chevrolet Traverse,39498,SUV,8,Gasoline,310,11.8,AWD,5000,651,42.8,44.5,44.3,62.2,82,0,695
,2022 Chevrolet Tahoe,57748,SUV,8,Gasoline,355,13.2,RWD,8600,722,42.3,44.5,42,64.8,91,0,689
,2022 Chevrolet Blazer,37498,SUV,5,Gasoline,228,9.4,FWD,1500,864,39.8,41,39.6,58.6,73,0,777
,2022 Chevrolet Camaro,29598,Coupe,4,Gasoline,275,10.1,RWD,0,258,38.5,43.9,,,72,0,713
,2022 Chevrolet Corvette ,70998,Convertible,2,Gasoline,490,12.4,RWD,0,357,37.9,42.8,0,0,70,0,565
,2021 Chevrolet Express 2500,46448,Van,12,Gasoline,286,,RWD,9600,2608,38.4,41.3,36.3,68.6,117,0,
,2021 Chevrolet Express Cargo 2500,40648,Van,2,Gasoline,286,,RWD,10000,6780,40.9,41.3,0,0,117,0,
,2022 Chevrolet Malibu,25598,Sedan,5,Gasoline,160,7.5,FWD,0,445,39.1,41.5,38.1,57.1,60,0,802
,2022 Chevrolet Silverado 1500 Long Box,32648,Pickup,3,Gasoline,310,,RWD,9900,0,43.1,44.5,0,0,129,0,
,2022 Chevrolet Silverado 2500HD,45048,Pickup,3,Gasoline,401,,RWD,18510,0,43.1,44.5,0,0,136,0,
,2022 Chevrolet Silverado 3500HD,47048,Pickup,3,Gasoline,401,,RWD,21500,0,43.1,44.5,0,0,136,0,
,2022 Chevrolet Suburban LS,60748,SUV,8,Gasoline,355,13.2,RWD,8300,1175,42.3,44.5,42,64.8,106,0,803
,2022 Chevrolet Trax 1LS,22098,SUV,5,Gasoline,138,8.4,FWD,1300,530,39.6,40.8,35.7,52.8,53,0,629
,2022 Chrysler Grand Caravan,44295,Van,7,Gasoline,287,10.6,FWD,3600,915,40.2,41.1,36.6,63.1,71,0,670
,2022 Chrysler Pacifica,50095,Van,7,Gasoline,287,10.6,FWD,3600,915,40.2,41.1,36.6,63.1,71,0,670
,2022 Chrysler Pacifica Hybrid ,54995,Van,7,Hybrid,260,2.9,FWD,3600,915,40.2,41.1,36.6,63.1,62,16,784
,2021 Chrysler 300,45945,Sedan,5,Gasoline,292,10.3,RWD,0,460,38.6,41.8,40.1,57.7,70,0,680
,2021 Dodge Challenger,37165,Coupe,5,Gasoline,303,10.3,RWD,0,459,39.3,42,33.1,53.9,70,0,680
,2021 Dodge Charger,40665,Sedan,5,Gasoline,292,10.3,RWD,0,467,38.6,41.8,40.1,58,70,0,680
,2021 Dodge Durango,50795,SUV,7,Gasoline,295,11.3,AWD,6200,487,39.9,40.4,38.6,50.4,93,0,823
,2022 Ferrari 812 Competizione,525000,Coupe,2,Gasoline,818,20.2,RWD,0,300,,,0,0,92,0,455
,2021 Ferrari 812 GTS,469318,Convertible,2,Gasoline,789,20.5,RWD,0,250,,,0,0,92,0,448
,2021 Ferrari 812 Superfast,452523,Coupe,2,Gasoline,789,20.2,RWD,0,300,,,0,0,92,0,455
,2021 Ferrari F8 Tributo,322562,Coupe,2,Gasoline,710,16.5,RWD,0,200,,,0,0,78,0,474
,2021 Ferrari F8 Tributo Spider,356989,Convertible,2,Gasoline,710,16.7,RWD,0,200,,,0,0,78,0,468
,2021 Ferrari Portofino,264670,Convertible,4,Gasoline,612,14.4,RWD,0,292,,,,,80,0,556
,2021 Ferrari Roma,251665,Coupe,4,Gasoline,612,14.2,RWD,0,387,,,,,80,0,565
,2022 Ferrari SF90,599341,Coupe,2,Hybrid,986,1.4,4WD,0,,,,0,0,68,7.9,25
,2022 Fiat 500X,32495,SUV,5,Gasoline,177,9.1,AWD,2000,400,39.1,41.5,34.8,52.8,48,0,531
,2022 Ford F-150,34745,Pickup,3,Gasoline,290,11.0,RWD,14000,0,40.8,43.9,0,0,87,0,790
,2022 Ford Escape,29099,SUV,5,Gasoline,180,7.8,FWD,0,953,40,40.7,38.8,56,56,0,718
,2022 Ford Explorer,46199,SUV,6,Gasoline,350,10.3,AWD,5300,515,40.7,43,39,61.9,73,0,709
,2022 Ford Transit,52140,Van,12,Gasoline,275,,RWD,4700,1985,40.8,41.3,33.7,71.4,95,0,
,2022 Ford Ranger,33320,Pickup,4,Gasoline,270,10.9,4WD,7500,0,41,43.1,30.4,55.2,68,0,625
,2022 Ford Edge,37279,SUV,5,Gasoline,250,10.1,AWD,3500,1110,40.2,42.6,40.6,60.5,70,0,693
,2022 Ford Bronco Sport,32999,SUV,5,Gasoline,181,8.9,4WD,0,920,41.5,42.4,36.9,55.6,61,0,685
,2021 Ford Expedition,64340,SUV,8,Gasoline,380,12.6,AWD,9200,593,42,43.9,42.6,64.8,88,0,700
,2022 Ford Mustang,32145,Coupe,4,Gasoline,310,9.5,RWD,0,382,37.6,44.5,29,52.2,59,0,618
,2022 Ford Mustang Mach-E,51495,SUV,5,Electric,266,2.4,RWD,0,840,38.9,41.7,38.1,55.9,0,75.7,370
,2022 Ford Bronco 2-door,41299,SUV,4,Gasoline,275,,4WD,3500,,,,,,,,
,2022 Ford EcoSport,25599,SUV,5,Gasoline,166,9.2,AWD,2000,592,39.6,42.9,36.7,51.3,51,0,559
,2021 Ford Expedition MAX,80815,SUV,8,Gasoline,400,13.1,AWD,9000,1019,42,43.9,42.6,64.8,105,0,802
,2022 Ford F-150 Lightning,68000,Pickup,5,Electric,426,2,4WD,,0,40.8,43.9,43.6,66,0,98,370
,2022 Ford F-250 Super Duty,45619,Pickup,3,Gasoline,385,,RWD,14000,328,40.8,43.9,0,0,130,0,
,2022 Ford F-350 Super Duty,48249,Pickup,3,Gasoline,385,,RWD,21200,328,40.8,43.9,0,0,130,0,
,2022 Ford Maverick,25900,Pickup,5,Hybrid,191,6.3,FWD,2000,0,40.3,42.8,35.9,55.6,56,1.1,892
,2022 Ford Transit Connect Van,32035,Van,2,Gasoline,162,9.9,FWD,2000,3608,46.9,41.5,0,0,60,0,604
,2022 Ford Transit Connect Wagon,34615,Van,6,Gasoline,162,10.2,FWD,2000,463,46.9,42.3,37.6,58.5,60,0,585
,2022 Ford Transit Crew,45140,Van,5,Gasoline,275,,RWD,6500,,40.8,41.3,,,95,0,
,2022 Ford Transit Van,41820,Van,2,Gasoline,275,,RWD,6900,6986,40.8,41.3,,,95,0,
,2022 Genesis G70,45500,Sedan,5,Gasoline,252,10.1,AWD,0,297,38.5,42.6,34.8,54.6,60,0,595
,2021 Genesis G80,66500,Sedan,5,Gasoline,300,9.5,AWD,0,371,40.9,42.2,38.7,58.3,65,0,685
,2022 Genesis G90,89750,Sedan,5,Gasoline,420,12.8,AWD,0,444,41.1,46.3,37.8,57.9,83,0,649
,2022 Genesis GV70,49500,SUV,5,Gasoline,300,9.7,AWD,3500,819,39.6,41.3,37.2,56.9,66,0,682
,2022 Genesis GV80,65500,SUV,5,Gasoline,300,10.5,AWD,6000,991,40.2,41.6,38.7,58.3,80,0,761
,2022 GMC Sierra 1500,33848,Pickup,3,Gasoline,285,13.5,RWD,10000,0,43.1,44.5,0,0,106,0,786
,2022 GMC Terrain,30598,SUV,5,Gasoline,170,8.6,FWD,1500,838,40,40.9,39.7,55.6,56,0,653
,2022 GMC Yukon,59648,SUV,8,Gasoline,355,14.2,RWD,8400,722,42.3,44.5,42,64.8,91,0,643
,2022 GMC Canyon,28648,Pickup,4,Gasoline,200,10.9,RWD,7000,0,41.4,45,28.6,57.3,80,0,731
,2022 GMC Acadia,38498,SUV,6,Gasoline,228,9.4,FWD,4000,363,40,41,39.7,58.7,73,0,774
,2023 GMC Hummer EV,88898,Pickup,5,Electric,999,,4WD,,,42.5,45.6,38.9,64,0,,402
,2021 GMC Savana 2500,46448,Van,12,Gasoline,265,,RWD,9800,2608,40.9,41.3,36.3,65.8,117,0,
,2021 GMC Savana Cargo,40648,Van,2,Gasoline,265,,RWD,9900,6780,40.9,41.3,0,0,117,0,
,2022 GMC Sierra 2500HD,46448,Pickup,3,Gasoline,401,,RWD,18500,0,43.1,44.5,0,0,136,0,
,2022 GMC Sierra 3500HD ,48448,Pickup,3,Gasoline,401,,RWD,21500,0,43.1,44.5,0,0,136,0,
,2022 GMC Yukon XL,62648,SUV,8,Gasoline,355,14.2,RWD,8300,1175,42.3,44.5,42,64.8,106,0,749
,2022 Honda CR-V,30770,SUV,5,Gasoline,190,7.7,FWD,1500,1110,40.1,41.3,40.4,55.6,53,0,688
,2022 Honda Civic Sedan,24465,Sedan,5,Gasoline,158,6.9,FWD,0,419,39.3,42.3,37.4,56,47,0,681
,2022 Honda HR-V,26200,SUV,5,Gasoline,141,7.8,FWD,1100,688,39.5,41.2,39.3,54.5,50,0,641
,2022 Honda Pilot,46120,SUV,8,Gasoline,280,11,AWD,5000,524,39.5,40.9,38.4,62,74,0,671
,2021 Honda Accord,33320,Sedan,5,Gasoline,192,7.2,FWD,0,473,39.5,42.3,40.4,56.5,56,0,778
,2022 Honda Odyssey,43605,Van,8,Gasoline,280,10.6,FWD,3500,929,38.7,40.9,40.9,61.6,74,0,698
,2021 Honda Accord Hybrid,37170,Sedan,5,Hybrid,212,5,FWD,0,473,39.5,42.3,40.4,56.5,49,1.3,980
,2022 Honda Civic Hatchback,28000,Hatchback,5,Gasoline,158,8,FWD,0,693,39.3,42.3,36.1,55,47,0,587
,2021 Honda Civic Type R,46200,Hatchback,4,Gasoline,306,9.6,FWD,0,728,39.3,42.3,35.9,55,47,0,490
,2021 Honda Clarity,44505,Sedan,5,Hybrid,212,2.1,FWD,0,439,39.1,42.2,36.2,57.3,27,17,475
,2021 Honda Insight,28490,Sedan,5,Hybrid,151,4.9,FWD,0,428,39.1,42.2,36.2,57.3,40,1.2,819
,2021 Honda Passport,45570,SUV,5,Gasoline,280,11.3,AWD,5000,1430,39.5,40.9,39.6,61.9,74,0,653
,2022 Honda Ridgeline,45535,Pickup,5,Gasoline,280,11.5,AWD,5000,0,39.5,40.9,36.7,61.5,74,0,643
,2022 Hyundai Kona,21499,SUV,5,Gasoline,147,7.4,FWD,1100,544,39.6,41.5,35.2,54.5,50,0,678
,2022 Hyundai Tucson,27799,SUV,5,Gasoline,187,8.2,FWD,3500,1095,40.1,41.4,41.3,56.0,54,0,659
,2022 Hyundai Elantra,18099,Sedan,5,Gasoline,147,7.8,FWD,0,402,40.6,42.3,38,55.6,47,0,599
,2022 Hyundai Santa Fe,33699,SUV,5,Gasoline,191,10,AWD,2000,1032,40,41.4,41.7,58.3,67,0,669
,2022 Hyundai Venue,18299,SUV,5,Gasoline,121,7.8,FWD,1100,528,39.4,41.3,34.3,53.7,45,0,578
,2022 Hyundai Palisade,41499,SUV,8,Gasoline,291,11.1,AWD,5000,509,40.7,41.4,42.4,60.8,71,0,641
,2022 Hyundai Sonata,27449,Sedan,5,Gasoline,191,7.7,FWD,0,453,40,46.1,34.8,56.1,60,0,780
,2022 Hyundai Sonata N,38699,Sedan,5,Gasoline,290,808,FWD,0,453,38.4,46.1,34.8,56.1,60,0,684
,2022 Hyundai Elantra Hybrid,24999,Sedan,5,Hybrid,109,4.4,FWD,0,402,40.6,42.3,38,55.6,42,1.3,953
,2022 Hyundai Elantra N,37199,Sedan,5,Gasoline,286,9.5,FWD,0,402,38.9,42.3,38,55.6,47,0,496
,2022 Hyundai Elantra N Line,27699,Sedan,5,Gasoline,201,7.6,FWD,0,402,38.9,42.3,38,55.6,47,0,619
,2021 Hyundai Elantra Sedan,17899,Sedan,5,Gasoline,147,7.8,FWD,0,402,40.6,42.3,38,55.6,47,0,599
,2021 Hyundai IONIQ 5 Electric,44999,SUV,5,Electric,168,,RWD,1250,770,41.2,44.8,39.4,57.9,0,58.2,354
,2022 Hyundai IONIQ Hybrid,25649,Hatchback,5,Hybrid,139,4,FWD,0,750,39.2,42.2,35.7,55,45,1.6,1138
,2022 Hyundai IONIQ Plug-In Hybrid,32649,Hatchback,5,Hybrid,164,2,FWD,0,650,39.2,42.2,35.7,55,43,8.9,954
,2022 Hyundai KONA electric,43899,SUV,5,Electric,201,2,FWD,1000,544,39.6,41.5,33.4,54.5,0,64,415
,2022 Hyundai Kona N,39999,SUV,5,Gasoline,286,10.4,FWD,1100,544,39.6,41.5,35.2,54.5,50,0,481
,2021 Hyundai Nexo,71000,SUV,5,Hydrogen,160,3.8,FWD,1200,839,39.4,41.5,38.6,55.5,157,1.6,612
,2022 Hyundai Santa Cruz,38499,Pickup,5,Gasoline,281,10.5,AWD,5000,0,40.2,41.4,36.5,56.1,67,0,636
,2022 Hyundai Sonata Hybrid,40649,Sedan,5,Hybrid,192,5,FWD,0,453,38.4,46.1,34.8,56.1,50,1.6,1000
,2022 Hyundai Veloster N,37899,Hatchback,4,Gasoline,275,9.6,FWD,0,565,38.1,42.6,34.1,54.3,50,0,522
,Infiniti Q50,44295,Sedan,5,Gasoline,300,10.8,AWD,0,382,40.2,44.5,35.1,56.1,76,0,704
,Infiniti Q60 Coupe,51095,Coupe,4,Gasoline,300,10.6,AWD,0,246,37.4,43.1,32.4,52,76,0,712
,2022 Infiniti QX50,47995,SUV,5,Gasoline,268,9.7,AWD,1100,889,41,39.6,38.7,56.7,60,0,620
,2022 Infiniti QX55,51995,SUV,5,Gasoline,268,9.5,AWD,1100,761,39.9,39.6,38.7,57.1,61,0,636
,2022 Infiniti QX60,54995,SUV,7,Gasoline,295,10.8,AWD,3500,411,41,44.3,35.7,59.6,74,0,683
,2022 Infiniti QX80,81695,SUV,7,Gasoline,400,15.1,AWD,8500,470,39.9,39.6,41.0,63.5,98,0,649
,2022 Jaguar E-Pace,52500,SUV,5,Gasoline,246,10.4,AWD,4000,685,38.4,40.6,34.3,55.8,67,0,644
,2022 Jaguar F-Pace,61600,SUV,5,Gasoline,247,9.9,AWD,5300,892,37.8,40.3,37.2,55.3,83,0,838
,2022 Jaguar F-TYPE,85500,Coupe,2,Gasoline,444,9.2,RWD,0,509,36.8,42.8,0,0,63,0,685
,2022 Jaguar I-PACE,99800,SUV,5,Electric,394,3.1,AWD,1100,716,39.9,40.9,35,54.6,0,90,377
,2022 Jaguar XF,61800,Sedan,5,Gasoline,296,9.3,AWD,0,286,37.5,41.5,37.7,54,74,0,796
,2022 Jeep Wrangler Unlimited,46245,SUV,5,Gasoline,285,12.2,4WD,3500,898,42.6,40.9,38.3,55.8,81,0,664
,2022 Jeep Grand Cherokee,52045,SUV,5,Gasoline,293,11.3,AWD,6200,1070,39.9,41.3,38.2,58,87,0,770
,2022 Jeep Cherokee,36445,SUV,5,Gasoline,180,9.8,AWD,4500,702,39.4,41.1,40.3,55.1,59,0,602
,2022 Jeep Compass,29195,SUV,5,Gasoline,177,9.0,FWD,1200,800,39.2,41.2,38.3,55.1,51,0,567
,2022 Jeep Gladiator,50045,Pickup,5,Gasoline,285,12.6,4WD,7650,0,42.8,40.9,38.0,55.7,83,0,661
,2022 Jeep Grand Cherokee L,53545,SUV,6,Gasoline,293,11.3,AWD,6200,490,39.8,41.3,39.4,58,87,0,770
,2022 Jeep Grand Cherokee WK,50945,SUV,5,Gasoline,295,11.3,AWD,6200,1030,39.9,40.4,38.6,58,93,0,823
,2022 Jeep Grand Wagoneer,101495,SUV,7,Gasoline,471,16,AWD,9850,1400,41.3,40.9,42.7,65.2,120,0,750
,2022 Jeep Renegade,33095,SUV,5,Gasoline,177,9.9,AWD,1400,524,41.1,41.2,35.1,55.1,48,0,485
,2022 Jeep Wagoneer,80495,SUV,8,Hybrid,392,13.8,AWD,10000,1400,41.3,40.9,42.7,65.2,120,0.4,867
,2022 Jeep Wrangler,38445,SUV,4,Gasoline,285,11.8,4WD,2000,898,42.6,40.9,35.6,57.4,66,0,559
,2021 Karma Revero,199700,Sedan,4,Hybrid,536,3.9,RWD,0,182,,,,,39,28,428
,2022 Kia Forte,18295,Sedan,4,Gasoline,147,7.6,FWD,0,434,38.8,42.2,35.7,55.3,53,0,697
,2022 Kia Seltos,23595,SUV,5,Gasoline,147,7.7,FWD,0,752,40,41.4,38,54.9,50,0,649
,2022 Kia Sportage,25995,SUV,5,Gasoline,181,9,FWD,2000,798,39.3,41.5,38.2,55.1,62,0,690
,2022 Kia Sorento,34595,SUV,7,Gasoline,191,9.9,AWD,2000,357,40.3,41.4,41.7,58.1,67,0,677
,2022 Kia Soul,21295,Hatchback,5,Gasoline,147,7.9,FWD,0,530,39.9,41.1,38.8,54.7,54,0,684
,2022 Kia Niro,26995,Hatchback,5,Hybrid,139,4.6,FWD,0,635,40.1,41.7,37.4,55.2,45,1.6,978
,2022 Kia Carnival,34795,Van,8,Gasoline,290,10.6,FWD,3500,1139,40.9,40.9,40.5,63.2,72,0,679
,2022 Kia Telluride,46995,SUV,8,Gasoline,291,11.3,AWD,5000,601,39.5,44.1,42.4,61.2,71,0,630
,2022 Kia Ev6,44995,SUV,5,Electric,167,,RWD,1000,690,39,42.4,39,55.6,0,58,373
,2022 Kia Forte 5-Door,22695,Hatchback,5,Gasoline,147,7.1,FWD,0,741,38.8,42.2,35.7,55.3,53,0,746
,2022 Kia K5,29595,Sedan,5,Gasoline,180,8.2,AWD,0,298,40.2,46.1,35.2,56.1,60,0,734
,2022 Kia Rio 5-Door,17395,Hatchback,5,Gasoline,120,7,FWD,0,493,38.9,42.1,33.5,53.3,45,0,643
,2021 Kia Sedona,32295,Van,8,Gasoline,276,11.5,FWD,3500,960,39.8,40.9,41.1,63.1,80,0,696
,2022 Kia Soul EV,42995,Hatchback,5,Electric,134,2,FWD,0,530,39.9,41.1,36.5,54.7,0,39.2,248
,2022 Kia Stinger,50795,Hatchback,5,Gasoline,368,11.9,AWD,0,660,38.3,42.6,36.4,54.8,60,0,504
,2022 Lamborghini Aventador,464009,Coupe,2,Gasoline,730,19.4,AWD,0,,,,0,0,85,0,437
,2022 Lamborghini Huracán,245245,Coupe,2,Gasoline,602,14.2,RWD,0,,,,0,0,80,0,565
,2022 Lamborghini Urus,256986,SUV,5,Gasoline,641,16.9,AWD,2300,616,,,,,85,0,503
,2022 Land Rover Defender ,66100,SUV,5,Gasoline,296,13,AWD,1850,442,40.6,39.1,36.6,56.4,90,0,692
,2022 Land Rover Discovery ,70500,SUV,7,Gasoline,296,13.3,AWD,6600,258,40,39.1,37.4,59.5,90,0,678
,2022 Land Rover Discovery Sport ,52300,SUV,5,Gasoline,246,11.5,AWD,4400,912,39.5,39.1,38.1,55.9,67,0,583
,2022 Land Rover Range Rover HSE ,122500,SUV,5,Hybrid,395,11.9,AWD,7700,1153,39.3,39.9,40.4,59.1,90,0.2,756
,2022 Land Rover Range Rover Evoque ,51300,SUV,5,Gasoline,246,10.5,4WD,4000,612,38.9,40,34.0,55.4,67,0,638
,2022 Land Rover Range Rover Sport ,83800,SUV,5,Hybrid,355,11.3,AWD,7700,780,38.7,39.5,37,59.5,104,0.2,920
,2022 Land Rover Range Rover Velar ,64600,SUV,5,Gasoline,247,10.4,AWD,5300,684,38.2,40.3,37.2,55.6,82,0,788
,2022 Lexus RX 350 ,57500,SUV,5,Gasoline,295,10.8,AWD,3500,453,39.4,44.1,38,57.6,72,0,669
,2022 Lexus NX 250,47400,SUV,5,Gasoline,203,8.5,AWD,2000,643,38.3,41,36.1,54,55,0,647
,2022 Lexus ES 250,46200,Sedan,5,Gasoline,203,8.4,AWD,0,394,37.5,42.4,39.2,54.3,60,0,719
,2022 Lexus ES 300h,51900,Sedan,5,Hybrid,215,5.4,FWD,0,394,37.5,42.4,39.3,54,50,1.6,931
,2022 Lexus ES 350,49900,Sedan,5,Gasoline,302,9.2,FWD,0,394,37.6,42.4,39.2,54.3,60,0,657
,2022 Lexus GX 460,72100,SUV,7,Gasoline,301,14.5,AWD,6500,,38,41.7,34.2,57.3,87,0,602
,2022 Lexus IS 300 F,44100,Sedan,5,Gasoline,241,9.5,RWD,0,310,38.2,44.8,32.2,53.4,66,0,697
,2022 Lexus IS 300 AWD,44950,Sedan,5,Gasoline,260,10.8,AWD,0,310,38.2,44.8,32.2,53.4,66,0,613
,2022 Lexus IS 350 F,54400,Sedan,5,Gasoline,311,10.8,AWD,0,310,38.2,44.8,32.2,53.4,66,0,613
,2022 Lexus IS 500 F ,72900,Sedan,5,Gasoline,472,12,RWD,0,310,38.2,44.8,32.2,53.4,66,0,552
,2022 Lexus LC 500,104000,Coupe,4,Gasoline,471,12.6,RWD,0,153,37.2,42,32.5,49,82,0,650
,2022 Lexus LC 500h,124200,Coupe,4,Hybrid,354,8.2,RWD,0,132,37.2,42,32.5,49,82,1.1,1006
,2021 Lexus LS 500 AWD,105350,Sedan,5,Gasoline,416,11.5,AWD,0,481,37.3,41,38.9,56.4,82,0,713
,2021 Lexus LS 500h AWD,134500,Sedan,5,Hybrid,354,9.2,AWD,0,430,37.3,41,38.9,56.4,84,1.1,913
,2021 Lexus LX 570,112900,SUV,8,Gasoline,383,17,AWD,7000,343,38.3,42.9,34.4,59,93,0,547
,2022 Lexus LX 600,106950,SUV,7,Gasoline,409,12.7,AWD,8000,343,37.8,41.1,36.6,58.9,80,0,630
,2021 Lexus NX 300,44600,SUV,5,Gasoline,235,9.7,AWD,2000,500,38.2,42.8,36.1,55.3,60,0,619
,2021 Lexus NX 300h,47100,SUV,5,Hybrid,194,7.5,AWD,1500,475,37.4,42.8,36.1,55.3,56,1.6,745
,2022 Lexus NX 350,55400,SUV,5,Gasoline,275,9.5,AWD,2000,643,37.1,41,36.1,54,55,0,578
,2022 Lexus NX 350h,49900,SUV,5,Hybrid,239,6,AWD,2000,643,38.3,41,36.1,54,55,1.7,914
,2022 Lexus NX 450h+,59950,SUV,5,Hybrid,302,2.8,AWD,2000,643,38.3,41,36.1,54,55,18.1,835
,2022 Lexus RC 300,64050,Coupe,4,Gasoline,311,10.8,AWD,0,294,37.8,45.4,27.2,50.7,66,0,612
,2022 Lexus RC 350 F,87550,Coupe,4,Gasoline,472,12.2,RWD,0,286,36.5,45.4,27.2,46.1,66,0,540
,2022 Lexus RX 350L,60500,SUV,7,Gasoline,290,11.4,AWD,3500,211,38.7,41.3,30.9,57.7,72,0,630
,2022 Lexus RX 450h,60250,SUV,5,Hybrid,308,7.9,AWD,3500,453,39.4,44.1,38,57.6,65,1.9,823
,2022 Lexus RX 450hL,77550,SUV,6,Hybrid,308,8.2,AWD,3500,212,38.7,41.3,30.9,57.7,65,1.9,789
,2021 Lexus UX 200,38450,SUV,5,Gasoline,168,7.2,FWD,900,487,35.7,42,33.1,52.9,47,0,648
,2022 Lexus UX 250h,40750,SUV,5,Hybrid,181,5.9,AWD,1050,487,35.7,42,33.1,52.9,40,1.4,677
,2022 Lincoln Aviator,70900,SUV,6,Gasoline,400,11.9,AWD,6700,519,40.2,43,39,61.3,76,0,639
,2022 Lincoln Corsair,45600,SUV,5,Gasoline,250,9.8,AWD,0,714,39.5,43.2,38.6,56.3,61,0,622
,2022 Lincoln Nautilus,57300,SUV,5,Gasoline,250,10.7,AWD,3500,1053,39.9,42.8,39.6,59,68,0,636
,2021 Lincoln Navigator,101500,SUV,5,Gasoline,440,13.4,AWD,9200,592,39.5,41.1,39.1,63.7,95,0,707
,2022 Lotus Emira,105000,Coupe,2,Gasoline,360,,RWD,0,151, , , , ,55,0,
,2021 Lotus Evora GT,139900,Coupe,2,Gasoline,416,,RWD,0,160, , , , ,55,0,
,2022 Lucid Air,105000,Sedan,5,Electric,480,,RWD,0,658,39.6,45.4,37.4,54.5,0,112,653
,2021 Maserati Ghibli,91100,Sedan,5,Gasoline,345,11.6,RWD,0,500,38.8,37.7,33.2,56.5,80,0,690
,2021 Maserati Levante,101525,SUV,5,Gasoline,345,13.2,AWD,1500,580, , , , ,80,0,606
,2022 Maserati MC20,255000,Coupe,2,Gasoline,621,12.8,RWD,0,, , , , ,60,0,471
,2021 Maserati Quattroporte,134045,Sedan,5,Gasoline,424,12.6,AWD,0,530,38.6,,,55.3,80,0,637
,2021 Mazda CX-5,30200,SUV,5,Gasoline,187,9.3,AWD,2000,871,39.7,41.0,39.6,54.8,58,0,624
,2021 Mazda CX-30,26100,SUV,5,Gasoline,155,8.6,AWD,0,572,38.1,41.7,36.3,53.6,48,0,558
,2021 Mazda 3,21200,Sedan,5,Gasoline,155,7.7,FWD,0,374,38,42.3,35.1,53.5,50,0,649
,2021 Mazda CX-3,21800,SUV,5,Gasoline,148,8,FWD,0,504,38.4,41.7,35,50.4,48,0,600
,2021 Mazda CX-9,40950,SUV,7,Gasoline,227,10.5,AWD,3500,407,39.3,41,39.4,58.1,74,0,705
,2021 Mazda 3 Sport,22200,Hatchback,5,Gasoline,155,7.8,FWD,0,569,38,42.3,35.1,53.4,50,0,641
,2021 Mazda 6,27850,Sedan,5,Gasoline,187,8.0,FWD,0,416,38.4,42.2,38.7,55.1,62,0,773
,2022 Mazda MX-30,42150,SUV,5,Electric,143,2.6,FWD,950,431,38.6,41.6,30.1,52.7,0,35.5,161
,2021 Mazda MX-5,33300,Convertible,2,Gasoline,181,8.1,RWD,0,130,37.4,43.1,0,0,45,0,556
,2021 McLaren 720S,339146,Coupe,2,Gasoline,720,,RWD,0,360,,,,,72,0,
,2021 McLaren 765LT,430000,Coupe,2,Gasoline,755,16.3,RWD,0,360,,,,,72,0,442
,2022 McLaren Artura,280000,Coupe,2,Hybrid,671,,RWD,0,,,,,,72,7.4,472
,2021 McLaren GT,250000,Coupe,2,Gasoline,612,,RWD,0,570,,,,,72,0,
,2022 Mercedes-Benz GLC,50900,SUV,5,Gasoline,255,10,AWD,3500,550,41.9,40.8,37.3,56.5,66,0,657
,2022 Mercedes-Benz GLE,72600,SUV,5,Gasoline,255,10.9,AWD,7700,630,42.3,40.3,40.9,58.3,85,0,799
,2022 Mercedes-Benz A 220,39500,Sedan,5,Gasoline,188,8.4,AWD,0,420,38.5,41.8,33.9,54,51,0,608
,2022 Mercedes-Benz AMG GT,122100,Hatchback,4,Hybrid,429,10.9,4WD,0,535,38.8, ,,57.2,80,1.0,736
,2021 Mercedes-Benz C 300,52100,Coupe,4,Gasoline,255,8.9,AWD,0,380,38.8,42,32,51.7,66,0,738
,2022 Mercedes-Benz CLA 250,43600,Sedan,5,Gasoline,221,8.6,AWD,0,460,40.3,41.8,33.9,54.0,51,0,594
,2022 Mercedes-Benz CLS 450,84700,Sedan,5,Hybrid,362,9.4,AWD,0,490,40.6,41.9,35.0,56.5,80,1.0,817
,2022 Mercedes-Benz E 350,65700,Sedan,5,Gasoline,255,9.4,AWD,0,540,37.3,41.7,36.2,57.1,66,0,703
,2022 Mercedes-Benz EQS 580,144200,Hatchback,5,Electric,516,2.5,AWD,0,610,40.3,41.7,,57.3,0,107.8,547
,2021 Mercedes-Benz G 550,154900,SUV,5,Gasoline,416,16.2,AWD,0,454,40.4,,,57.4,100,0,616
,2022 Mercedes-Benz GLA 250,42900,SUV,5,Gasoline,221,8.6,AWD,1200,435,40.8,41.1,38.4,54.8,60,0,695
,2022 Mercedes-Benz GLB 250,46700,SUV,5,Gasoline,221,9.2,AWD,1500,560,41.2,41.1,38.1,54.9,60,0,656
,2021 Mercedes-Benz GLC 300,55900,SUV,5,Gasoline,255,10,AWD,3500,500,38.9,40.8,37.2,56.5,66,0,661
,2022 Mercedes-Benz GLE 450,86600,SUV,5,Hybrid,362,10.5,4WD,7700,655,40.2,,,58.5,85,1.0,814
,2022 Mercedes-Benz GLS 450,104700,SUV,7,Hybrid,362,11.0,4WD,7700,355,41.3,40.3,39.5,58.3,90,1.0,818
,2021 Mercedes-Benz Metris Cargo Van,42360,Van,2,Gasoline,208,11.5,RWD,5000,5180,39.6,35.8,0,0,70,0,611
,2021 Mercedes-Benz Metris Passenger Van,50220,Van,7,Gasoline,208,12.1,RWD,5000,1076,39.6,35.8,35.8,64.9,70,0,579
,2021 Mercedes-Benz S 500 ,127200,Sedan,5,Hybrid,429,9.8,AWD,0,510,42.1,41.9,37.3,61.4,76,1.0,774
,2021 Mercedes-Benz Sprinter Cargo Van,48270,Van,2,Diesel,161,,RWD,4000,900,47.3,38.9,0,0,83,0,
,2021 Mercedes-Benz Sprinter Crew Van,57210,Van,5,Diesel,161,,RWD,3400,7400,56.4,38.9,,,83,0,
,2021 Mercedes-Benz Sprinter Passenger Van,65120,Van,12,Diesel,161,,RWD,5000,2200,56.4,38.9,,,83,0,
,2023 MINI 3 Door,24890,Hatchback,4,Gasoline,134,7.7,FWD,0,246,40.3,41.4,30.8,47.8,44,0,570
,2023 MINI 5 Door,26290,Hatchback,5,Gasoline,134,7.7,FWD,0,371,39.9,41.4,32.3,49.6,44,0,570
,2022 MINI Clubman ,33990,SUV,5,Gasoline,189,,AWD,0,360,40.2,41.4,34.3,52.8,50,0,
,2023 MINI Convertible,31690,Convertible,4,Gasoline,134,7.7,FWD,0,,39.8,41.4,30.9,39.7,44,0,570
,2021 MINI Cooper,23490,Hatchback,4,Gasoline,134,7.7,FWD,0,246,40.3,41.4,30.8,47.8,44,0,570
,2022 MINI Countryman,34090,Hatchback,5,Gasoline,134,9.2,AWD,0,360,40.2,41.4,34.3,52.8,61,0,663
,2022 Mitsubishi RVR,23828,SUV,5,Gasoline,148,8.9,FWD,1200,614,39.4,41.6,36.3,55.5,63,0,712
,2022 Mitsubishi Outlander,31998,SUV,7,Gasoline,181,8.9,AWD,2000,332,40.6,41.7,39.9,55.9,55,0,618
,2022 Mitsubishi Eclipse Cross,28598,SUV,5,Gasoline,152,9.3,AWD,2000,640,39.5,40.9,35.3,55.1,60,0,645
,2022 Mitsubishi Mirage,14098,Hatchback,5,Gasoline,78,6.5,FWD,0,484,39,41.7,34.2,51,35,0,535
,2022 Mitsubishi Outlander PHEV,44198,SUV,5,Hybrid,221,3.2,AWD,1500,861,40.6,40.9,37.9,56,43,13.8,470
,2022 Nissan Rogue,28998,SUV,5,Gasoline,181,8.2,FWD,1350,1033,41.1,43.3,38.5,55.9,55,0,673
,2022 Nissan Kicks,20198,Hatchback,5,Gasoline,122,7.2,FWD,1000,716,40.4,43.7,32.4,53.2,41,0,569
,2021 Nissan Qashqai,22198,Hatchback,5,Gasoline,141,9.0,FWD,0,648,39.6,42.8,33.4,55.7,55,0,608
,2022 Nissan Sentra,19498,Sedan,5,Gasoline,149,7.9,FWD,0,405,38.9,44,34.8,54.5,47,0,599
,2022 Nissan Altima,30098,Sedan,5,Gasoline,182,7.9,AWD,0,436,39.2,43.9,35.2,57.1,61,0,770
,2022 Nissan Armada,69198,SUV,8,Gasoline,400,15.4,AWD,8500,470,39.8,41.9,41,63.4,98,0,636
,2022 Nissan Frontier,39998,Pickup,4,Gasoline,310,12.3,4WD,5000,0,39.7,42.3,26.2,52.4,80,0,650
,2021 Nissan GT-R,130998,Coupe,4,Gasoline,565,12.8,AWD,0,249,38.1,44.6,26.4,50,74,0,577
,2022 Nissan LEAF,37498,Hatchback,5,Electric,147,2.1,FWD,0,668,41.1,42.1,33.5,52.5,0,40,243
,2022 Nissan Maxima,41740,Sedan,5,Gasoline,300,9.9,FWD,0,405,35.8,45,34.3,55.7,68,0,685
,2022 Nissan Murano,36498,SUV,5,Gasoline,260,10.4,AWD,1500,908,39.9,40.5,38.7,58.9,72,0,691
,2021 Nissan NV200,27698,Van,2,Gasoline,131,9.5,FWD,1500,3474,41.7,42.6,0,0,55,0,575
,2021 Nissan NV Cargo,37998,Van,2,Gasoline,261,,RWD,6200,6629,42.8,42.0,0,0,106,0,
,2021 Nissan NV Passenger,48898,Van,12,Gasoline,261,,RWD,6200,818,42.8,39.6,33.9,69.2,106,0,
,2022 Nissan Pathfinder,44338,SUV,8,Gasoline,284,10.5,AWD,3500,470,42.3,44.3,35.5,59.6,70,0,665
,2021 Nissan Titan,63698,Pickup,5,Gasoline,400,13.4,4WD,9000,0,41.0,41.8,38.5,63.6,98,0,734
,2021 Nissan Titan XD,67198,Pickup,5,Gasoline,400,,4WD,10800,0,41.0,41.8,38.5,63.6,98,0,734
,2022 Nissan Versa,16798,Sedan,5,Gasoline,122,7.8,FWD,0,416,39.5,44.5,31,53.6,41,0,528
,2021 Polestar 1,197000,Coupe,4,Hybrid,626,3.9,AWD,0,,38,42,20.9,49.7,60,34,671
,2022 Polestar 2,49900,Hatchback,5,Electric,231,2.6,FWD,0,,41.3,42.2,33.9,52.6,0,78,375
,2022 Porsche 718,67100,Coupe,2,Gasoline,300,10.5,RWD,0,425,,,0,0,54,0,514
,2022 Porsche 911,115000,Coupe,4,Gasoline,379,11.6,RWD,0,132,38.4,41.6,,,64,0,552
,2022 Porsche Cayenne,79200,SUV,5,Gasoline,335,11.4,AWD,7700,772,,,,,75,0,658
,2022 Porsche Cayenne Coupé,88900,SUV,4,Gasoline,335,11.4,AWD,7700,625,,,,,75,0,658
,2022 Porsche Macan,58500,SUV,4,Gasoline,261,11.3,AWD,4400,488,,,,,75,0,664
,2022 Porsche Panamera,100600,Hatchback,4,Gasoline,325,10.7,RWD,0,495,38.0,41.9,33.3,51.7,90,0,773
,2022 Porsche Taycan,119900,Wagon,4,Electric,469,3.0,AWD,0,530,,,,,0,93.4,323
,2022 Ram 1500,47445,Pickup,6,Hybrid,305,10.8,RWD,7750,0,40.9,40.9,39.2,65.7,87,0.4,806
,2022 Ram ProMaster Cargo Van,44145,Van,2,Gasoline,280,,FWD,5100,7334,,38.8,0,0,90,0,
,2022 Ram Promaster City,35345,Van,2,Gasoline,178,9.8,FWD,2000,3729,46,40.8,0,0,60,0,612
,2022 Ram ProMaster Window Van,50145,Van,2,Gasoline,280,,FWD,5100,,,38.8,0,0,90,0,
,2022 Ram1500 Classic,37740,Pickup,3,Gasoline,305,11.9,RWD,9150,0,39.9,41.0,0,0,98,0,824
,2022 Ram 2500,54645,Pickup,3,Gasoline,410,,RWD,19800,0,39.8,40.9,0,0,121,0,
,2022 Ram 3500,55645,Pickup,3,Gasoline,410,,RWD,31200,0,39.8,40.9,0,0,121,0,
,2022 Rivian R1S,94000,SUV,7,Electric,,,AWD,0,453,,,,,0,135,483
,2022 Rivian R1T,90000,Pickup,5,Electric,,,AWD,0,0,,,,,0,135,483
,2021 Rolls-Royce Culli,408177,SUV,5,Gasoline,563,16.3,AWD,0,,,,,,100,0,613
,2021 Rolls-Royce Dawn,516895,Convertible,4,Gasoline,563,16.7,RWD,0,294,40.1,41.5,36.9,53.1,82,0,492
,2021 Rolls-Royce Ghost,508361,Sedan,5,Gasoline,563,16.7,RWD,0,490,40.6,41.7,42.3,55.8,83,0,498
,2021 Rolls-Royce Phantom,562790,Sedan,5,Gasoline,563,16.3,RWD,0,548,40.2,40.5,37.3,56.3,100,0,613
,2021 Rolls-Royce Wraith,459784,Coupe,4,Gasoline,624,16.6,RWD,0,470,39.4,41.5,36.9,54.7,83,0,500
,2022 Subaru Crosstrek,23995,SUV,5,Gasoline,152,9.4,AWD,1500,590,39.8,43.1,36.5,55.6,63,0,669
,2022 Subaru Forester,29495,SUV,5,Gasoline,182,8.2,AWD,1500,881,41.2,43.3,39.4,57.2,63,0,769
,2022 Subaru Outback,31195,Wagon,5,Gasoline,182,8.2,AWD,0,920,40.1,42.8,39.5,57.4,70,0,859
,2022 Subaru Ascent,37295,SUV,8,Gasoline,260,10.5,AWD,2000,504,41.3,42.2,38.5,60.4,73,0,696
,2022 Subaru BRZ,29495,Coupe,4,Gasoline,228,10.5,RWD,0,196,37,41.5,29.9,51.7,50,0,476
,2022 Subaru Impreza,21995,Hatchback,5,Gasoline,152,9.0,AWD,0,588,39.8,43.1,36.5,55.6,50,0,556
,2022 Subaru Legacy,26795,Sedan,5,Gasoline,182,7.9,AWD,0,428,39.4,42.8,39.5,57.4,70,0,891
,2021 Subaru WRX,29995,Sedan,5,Gasoline,268,10.0,AWD,0,340,39.8,43.3,35.4,54,60,0,598
,2021 Subaru WRX STI,40395,Sedan,5,Gasoline,310,12.7,AWD,0,340,39.8,43.3,35.4,54,60,0,473
,2022 Tesla Model 3,58610,Sedan,5,Electric,283,1.7,RWD,0,425,39.6,42.7,35.2,54,0,54,423
,2022 Tesla Model Y,75610,SUV,5,Electric,480,1.9,AWD,3501,1926,41,42.7,35.2,52,0,75,525
,2022 Tesla Model S,113600,Hatchback,5,Electric,671,,AWD,0,895,38.8,42.7,35.4,55,0,100,652
,2022 Tesla Model X,123600,SUV,5,Electric,671,,AWD,0,2180,41.7,41.2,38.4,56.8,0,100,580
,2022 Toyota RAV4,28850,SUV,5,Gasoline,203,7.7,FWD,1500,1059,39,40.9,37.8,56.4,55,0,714
,2022 Toyota Corolla,19450,Sedan,5,Gasoline,139,7.1,FWD,0,371,38.3,42.3,34.8,51.7,50,0,704
,2022 Toyota Highlander,44750,SUV,8,Gasoline,295,10.3,AWD,5000,453,41.2,42.0,41.0,58.7,68,0,660
,2022 Toyota Tacoma,40350,Pickup,5,Gasoline,278,11.8,4WD,6400,0,39.7,42.9,32.6,58.9,79,0,669
,2022 Toyota Camry,27750,Sedan,5,Gasoline,203,7.4,FWD,0,428,38.3,42.1,38,55.7,61,0,824
,2022 Toyota Sienna,41050,Van,8,Hybrid,245,6.5,FWD,3500,949,40.1,40.3,40,62.7,68,1.9,1048
,2022 Toyota C-HR,24150,Hatchback,5,Gasoline,144,8.2,FWD,0,547,38.1,43.5,31.7,52.5,50,0,613
,2022 Toyota 4Runner,50570,SUV,7,Gasoline,270,13.8,4WD,5000,255,38.5,41.6,32.9,57.7,87,0,630
,2022 Toyota Tundra,44990,Pickup,5,Gasoline,348,11.8,RWD,12000,0,41,41.2,41.6,63.4,85,0,720
,2022 Toyota Venza,38890,SUV,5,Hybrid,219,6.1,AWD,1000,816,38.6,40.9,37.8,56.9,55,0.9,900
,2021 Toyota Avalon,43350,Sedan,5,Gasoline,301,9.5,FWD,0,456,37.4,42.1,40.3,57.1,60,0,630
,2022 Toyota Camry Hybrid,31290,Sedan,5,Hybrid,208,4.9,FWD,0,428,38.3,42.1,38,55.7,49,1.6,1000
,2022 Toyota Corolla Cross,24890,SUV,5,Gasoline,169,7.3,FWD,1100,,,,,,47,0,644
,2022 Toyota Corolla Hatchback,21450,Hatchback,5,Gasoline,169,7.6,FWD,0,660,38.4,42.0,29.9,45.5,50,0,654
,2022 Toyota Corolla Hybrid,25250,Sedan,5,Hybrid,121,4.5,FWD,0,371,38.3,42.0,34.8,51.7,42,1.3,933
,2022 Toyota GR 86,31490,Coupe,4,Gasoline,228,11.2,RWD,0,177,37.2,41.9,29.9,51.7,50,0,446
,2022 Toyota GR Supra,57170,Coupe,2,Gasoline,255,8.5,RWD,0,290,38.3,42.2,0,0,53,0,627
,2022 Toyota Highlander Hybrid,46750,SUV,8,Hybrid,243,6.7,AWD,3501,453,41.2,42.0,41.0,58.7,64,1.9,955
,2022 Toyota Prius,29350,Hatchback,5,Hybrid,120,4.4,FWD,0,697,39.4,43.2,33.4,53.0,42,1.3,955
,2022 Toyota Prius Prime,33750,Hatchback,5,Hybrid,120,4.3,FWD,0,561,38.6,42.5,36,53.1,42,8.8,977
,2022 Toyota RAV4 Hybrid,33190,SUV,5,Hybrid,219,6.0,AWD,1750,1059,39,40.9,37.8,56.4,55,1.6,917
,2022 Toyota RAV4 Prime,44990,SUV,5,Hybrid,302,2.5,AWD,2500,949,39,40.9,37.8,56.4,55,18.1,911
,2022 Toyota Sequoia,70850,SUV,8,Gasoline,381,16.4,4WD,7100,535,38.3,42.5,38.7,65.5,98,0,596
,2022 Toyota Tundra Hybrid,66390,Pickup,5,Hybrid,473,,4WD,11200,0,41,41.2,41.6,62.4,122,1.8,
,2022 Volkswagen Tiguan,33395,SUV,5,Gasoline,184,9.4,AWD,1500,1064,39.6,40.2,38.7,55.8,60,0,636
,2022 Volkswagen Atlas,40595,SUV,7,Gasoline,235,11.7,AWD,2000,583,41.3,41.7,37.6,60.8,74,0,631
,2022 Volkswagen Jetta,22595,Sedan,5,Gasoline,158,6.8,FWD,0,399,38.5,41.1,37.4,54.0,50,0,735
,2021 Volkswagen Golf,22995,Hatchback,5,Gasoline,147,7.4,FWD,0,578,38.4,41.2,35.6,53.9,50,0,676
,2021 Volkswagen Arteon,52995,Hatchback,5,Gasoline,147,9.9,AWD,0,770,37.7,41.2,40.2,54.7,66,0,670
,2022 Volkswagen Atlas Cross Sport,39495,SUV,5,Gasoline,235,11.7,AWD,2000,1141,39.6,41.7,40.4,60.6,74,0,632
,2022 Volkswagen Golf GTI,31495,Hatchback,5,Gasoline,241,9.1,FWD,0,564,38.4,41.2,35.6,53.9,50,0,549
,2022 Volkswagen Golf R,45995,Hatchback,5,Gasoline,315,9.9,AWD,0,564,38.5,41.2,35.0,57.7,55,0,556
,2021 Volkswagen ID.4,44995,SUV,5,Electric,201,2.4,RWD,2200,858,40.6,41.1,37.6,55.9,0,82,400
,2021 Volkswagen Passat,31995,Sedan,5,Gasoline,174,8.7,FWD,0,450,38.3,42.5,39.1,57.1,70,0,803
,2022 Volkswagen Taos,26695,SUV,5,Gasoline,158,7.6,FWD,1000,790,40.7,40.1,37.9,55.2,50,0,658
,2022 Volvo C40,72600,SUV,5,Electric,402,3.0,AWD,4000,489,41.0,40.9,36.1,56.3,0,78.0,208
,2022 Volvo S60,45550,Sedan,5,Hybrid,247,8.0,FWD,0,392,34.7,42.3,35.2,54.5,60,0.4,752
,2022 Volvo S90,70100,Sedan,5,Hybrid,308,9.1,AWD,0,436,37.8,42.2,40.4,55.4,60,0.4,659
,2022 Volvo V60,51250,Wagon,5,Gasoline,316,9.4,AWD,0,519,39.1,42.3,35.2,54.5,60,0,638
,2022 Volvo V60 Cross Country,51250,Wagon,5,Gasoline,250,9.4,AWD,0,519,37.4,42.3,35.2,54.5,60,0,638
,2022 Volvo V90 Cross Country,65950,Wagon,5,Hybrid,295,9.5,AWD,0,913,40.4,42.2,35.9,55.9,60,0.4,632
,2022 Volvo XC40,39950,SUV,5,Gasoline,187,9.3,AWD,3500,586,40.6,40.9,36.1,56.3,54,0,581
,2022 Volvo XC60,50750,SUV,5,Hybrid,247,9.4,AWD,3500,613,38.0,41.5,38.0,56.3,71,0.4,757
,2022 Volvo XC90,65200,SUV,7,Gasoline,250,10.1,AWD,5000,554,38.9,40.9,37.0,56.5,71,0,703
